{
  "primitive_id": "R05_00099",
  "n_nodes": 50,
  "weights": {
    "tip": 1.0,
    "acc": 1.0,
    "head": 10.0,
    "sing": 10.0,
    "tilt": 0.0
  },
  "initial_terms": {
    "total": 0.010011050204915486,
    "tip": 0.010003746710628088,
    "acc": 7.303494287397426e-06,
    "head": 0.0,
    "sing": 0.0,
    "tilt": 0.21136104361674907,
    "min_head": 0.05029235484861412,
    "min_sigma": 0.03416009924629832
  },
  "best_terms": {
    "total": 0.0009751084125293986,
    "tip": 0.0008075412004414353,
    "acc": 0.00016756721208796324,
    "head": 0.0,
    "sing": 0.0,
    "tilt": 0.2156292413477721,
    "min_head": 0.04958291878191105,
    "min_sigma": 0.032656875160551296
  },
  "optimizer": {
    "success": true,
    "message": "Optimization terminated successfully",
    "nit": 37,
    "nfev": 10730
  },
  "q_path": [
    [
      0.12804621526428425,
      0.3450314012071918,
      1.4853084398224738,
      0.04110443131028964,
      -0.4973433294048419,
      -0.7240118062969735
    ],
    [
      0.1292206185679714,
      0.3620365454584509,
      1.4863348207857232,
      0.039810898239952985,
      -0.489211675063317,
      -0.7282472902085708
    ],
    [
      0.13071532098101193,
      0.37538809562394454,
      1.4856740036387313,
      0.03940727422953432,
      -0.48223715007187584,
      -0.7314955100289685
    ],
    [
      0.13282221292423269,
      0.3844814378673025,
      1.4837307975590233,
      0.03990492067746515,
      -0.47707791025866747,
      -0.7335162479249776
    ],
    [
      0.1349057715723476,
      0.3899414544060158,
      1.4813503565194768,
      0.041015093469413115,
      -0.47379773862897895,
      -0.7344729870250307
    ],
    [
      0.13684047280155973,
      0.39279142422334795,
      1.479352689954364,
      0.04243492984721024,
      -0.47231663785348194,
      -0.7346053646125664
    ],
    [
      0.13834082304719425,
      0.39396244796534047,
      1.4782098232203973,
      0.043979026550810915,
      -0.4723872838829296,
      -0.7341431313084513
    ],
    [
      0.13954761860578171,
      0.394254731277626,
      1.4780900106026158,
      0.045561742892192274,
      -0.47373204936137087,
      -0.7332722804056574
    ],
    [
      0.1401245652104938,
      0.39409169925486487,
      1.4787407453909618,
      0.04721908985937847,
      -0.47595183198768753,
      -0.7321380376046956
    ],
    [
      0.14035256230316248,
      0.3937577098752283,
      1.4798648036915045,
      0.049070369089125036,
      -0.47881191082373625,
      -0.7307810821457318
    ],
    [
      0.14029977246416298,
      0.39354841665167695,
      1.4812407156385865,
      0.05117755875494423,
      -0.48206294990043375,
      -0.7292740594331221
    ],
    [
      0.14021775319913396,
      0.3936860714697702,
      1.482691351557204,
      0.0536123047976727,
      -0.4855500079861189,
      -0.7276475290225672
    ],
    [
      0.13994799229017027,
      0.39419622344616706,
      1.483982156575566,
      0.05641868664789576,
      -0.4891006629245067,
      -0.7259403443656712
    ],
    [
      0.13957197775278293,
      0.3950765849878647,
      1.485003394224237,
      0.059646757788641515,
      -0.49267341558481204,
      -0.7241395577469348
    ],
    [
      0.1390810508945112,
      0.39631332656532164,
      1.4857538640829626,
      0.06328052203537365,
      -0.49626190422848815,
      -0.7222515907135193
    ],
    [
      0.1386695220741364,
      0.3978788911675967,
      1.4863014972928836,
      0.06731464610717526,
      -0.4999441576223663,
      -0.7202464647953943
    ],
    [
      0.1382486085500641,
      0.3997428948074319,
      1.486720486439847,
      0.07168428021012518,
      -0.5037345017255905,
      -0.7181449208223568
    ],
    [
      0.1377460178473561,
      0.40185745822961433,
      1.4870724254095293,
      0.07635116255543777,
      -0.5076557323840689,
      -0.7159483355770262
    ],
    [
      0.1370176898986246,
      0.4041578119295964,
      1.4873983913584634,
      0.0812577131207196,
      -0.5117045035238507,
      -0.7136752142461507
    ],
    [
      0.13613859709700796,
      0.40657196856024175,
      1.4877178544285534,
      0.08639353434739892,
      -0.5159162901514379,
      -0.7113056307059685
    ],
    [
      0.13520000706529728,
      0.40905933956290286,
      1.4880428239601398,
      0.09172601434919556,
      -0.5203003471042504,
      -0.70884176256636
    ],
    [
      0.13431347119824896,
      0.41160138184520473,
      1.488360970985663,
      0.09724306309130909,
      -0.5248488056128234,
      -0.7062816876628407
    ],
    [
      0.13345885333998714,
      0.4142206300147233,
      1.4886793735538293,
      0.10289237495973769,
      -0.529509747706461,
      -0.7036604392370737
    ],
    [
      0.13257451504650103,
      0.4169330563700684,
      1.4889941961395257,
      0.1086362589308263,
      -0.5342240506071106,
      -0.7010065017072624
    ],
    [
      0.1316111184445264,
      0.4197504171180199,
      1.4893262542322068,
      0.11441777517820327,
      -0.5389445983578357,
      -0.6983534060802471
    ],
    [
      0.13059398389598278,
      0.4226432053002493,
      1.4896620988459675,
      0.12021151424756349,
      -0.5436452564887525,
      -0.6957093700499839
    ],
    [
      0.12962455001085996,
      0.425566264334668,
      1.489999500552641,
      0.1259856693677553,
      -0.548325523825711,
      -0.6930770967689209
    ],
    [
      0.12877390743002629,
      0.42847105359370513,
      1.4903127104213871,
      0.1317217114560443,
      -0.5529719127069144,
      -0.6904570978498143
    ],
    [
      0.12807147616345135,
      0.43133054355576844,
      1.4906196962951033,
      0.13737624256880956,
      -0.5575731379284942,
      -0.6878629918992356
    ],
    [
      0.12743502410675447,
      0.43414826663621664,
      1.490936824733991,
      0.1429004385354633,
      -0.5620816995599096,
      -0.6853244389155652
    ],
    [
      0.12682240633253988,
      0.43690957340921865,
      1.4913012185395031,
      0.14824070312367552,
      -0.5664774495404378,
      -0.6828636310164801
    ],
    [
      0.1262195628474271,
      0.4395920841215191,
      1.4917031825625742,
      0.15336397919172132,
      -0.5707273597030147,
      -0.6804968912280949
    ],
    [
      0.12575180004046724,
      0.44211882911126915,
      1.4921233080849536,
      0.1582586912271645,
      -0.5748517139112634,
      -0.6782106289060141
    ],
    [
      0.12548628959944144,
      0.444473856324649,
      1.4925342332290905,
      0.16290840007260887,
      -0.5788267223819804,
      -0.6760121874771429
    ],
    [
      0.12544922743068654,
      0.4466423133357462,
      1.492958215122547,
      0.16728349560866004,
      -0.5826497801051709,
      -0.6739091419132948
    ],
    [
      0.12551145911018674,
      0.44868870169662667,
      1.4934312972628672,
      0.17132616898038786,
      -0.5862530649417723,
      -0.6719485458394387
    ],
    [
      0.12563282482595944,
      0.4505571468676461,
      1.493963288120766,
      0.17501252416507623,
      -0.5896395584674602,
      -0.6701321621444137
    ],
    [
      0.12583344524203993,
      0.452221984688578,
      1.494522784335937,
      0.1783314023172946,
      -0.5927882736581274,
      -0.6684659950309477
    ],
    [
      0.12623096654527843,
      0.4535829343485249,
      1.4950657999267578,
      0.18131138686090276,
      -0.5957424450608578,
      -0.6669140997983808
    ],
    [
      0.1268439480534481,
      0.45475996089005305,
      1.4956530941832724,
      0.18391805666656105,
      -0.5984686300325812,
      -0.6655089041992427
    ],
    [
      0.12771484282354983,
      0.45581939321668397,
      1.4963858683996532,
      0.18613461203285997,
      -0.6010012050614094,
      -0.6642514567626389
    ],
    [
      0.12878516877621796,
      0.4568213355954462,
      1.4972930094309076,
      0.1879396513876757,
