{
  "q_pre_to_engage": [
    [
      0.11523969089724008,
      0.2272604671637361,
      1.5173149709367915,
      0.09074341509150538,
      -0.5371326941724981,
      -0.6409237934117058
    ],
    [
      0.11684509736330917,
      0.24129318130732968,
      1.5124720898687445,
      0.08206548888112675,
      -0.5297265259940881,
      -0.6534084954642292
    ],
    [
      0.11855839589606239,
      0.25539376578821116,
      1.507920090598777,
      0.07355457870578207,
      -0.5225564920318826,
      -0.6657147767840575
    ],
    [
      0.12052624413720311,
      0.2692762400429953,
      1.5038066942568429,
      0.06532823345293813,
      -0.5158251247599835,
      -0.6775951888397654
    ],
    [
      0.12285990017215002,
      0.2825861844073943,
      1.500195159587888,
      0.05741086698795401,
      -0.5095688694242223,
      -0.6888971055810484
    ],
    [
      0.12541731992547292,
      0.29520220876837283,
      1.497145938082855,
      0.04996652627287461,
      -0.5038674034349007,
      -0.6994112868610557
    ],
    [
      0.12799978462085332,
      0.30686700409518547,
      1.4946415320136992,
      0.04317341193488048,
      -0.49876527768110784,
      -0.7088624299961404
    ],
    [
      0.13050431214080996,
      0.31726599580751097,
      1.4926674043841262,
      0.03728001466106914,
      -0.4942083982289167,
      -0.7170965869586987
    ],
    [
      0.13279214406851575,
      0.32613638527976074,
      1.4911626238674989,
      0.032354550971061186,
      -0.49018722973677,
      -0.7239973979885223
    ],
    [
      0.13462657249522678,
      0.3333093975523769,
      1.4901783644660485,
      0.028383282381557906,
      -0.4866603372884322,
      -0.7295087446894057
    ]
  ],
  "q_engage_to_dstart": [
    [
      0.13462657249522678,
      0.3333093975523769,
      1.4901783644660485,
      0.028383282381557906,
      -0.4866603372884322,
      -0.7295087446894057
    ],
    [
      0.13567245531019698,
      0.33884253463521424,
      1.4900868770481412,
      0.025310936413708317,
      -0.4836112035373645,
      -0.7336080436719041
    ],
    [
      0.13603136747841518,
      0.34265329378287745,
      1.490213808180914,
      0.023305029741635584,
      -0.48136169672006146,
      -0.7362779550357572
    ],
    [
      0.13579115509252465,
      0.3447818650525098,
      1.4901573227021985,
      0.02244747443812379,
      -0.4800703821312774,
      -0.7375610380859646
    ],
    [
      0.13501397115559033,
      0.34535732545886794,
      1.4898572618122887,
      0.02283151997941317,
      -0.4798605085137895,
      -0.7375459682260366
    ],
    [
      0.13384038108652527,
      0.3447895809065801,
      1.4893292858248264,
      0.024386986784757675,
      -0.4807624336601056,
      -0.7363535019611498
    ],
    [
      0.13240871757761744,
      0.3436293478021049,
      1.4885199583930115,
      0.027064019880452237,
      -0.4828340704485177,
      -0.7341516801809652
    ],
    [
      0.13084888817176393,
      0.3426271865463649,
      1.4874030510796334,
      0.030847106232258933,
      -0.48620699729249284,
      -0.7311504104226001
    ],
    [
      0.12934312082468055,
      0.34272056323246547,
      1.486168942382922,
      0.035586059619141956,
      -0.49102534829576483,
      -0.7276306905065579
    ],
    [
      0.12804621526428425,
      0.3450314012071918,
      1.4853084398224738,
      0.04110443131028964,
      -0.4973433294048419,
      -0.7240118062969735
    ]
  ],
  "q_drag": [
    [
      0.12804621526428425,
      0.3450314012071918,
      1.4853084398224738,
      0.04110443131028964,
      -0.4973433294048419,
      -0.7240118062969735
    ],
    [
      0.126943376613386,
      0.35082665306740457,
      1.4855782069607228,
      0.04709306925054099,
      -0.5050640070546378,
      -0.7206944200811395
    ],
    [
      0.12586486689850832,
      0.35904326467877756,
      1.4863087902450822,
      0.05362001615457987,
      -0.5139430725454938,
      -0.7174534131964958
    ],
    [
      0.12470454438127117,
      0.36886331774631614,
      1.4870760355956008,
      0.06075759596737066,
      -0.5236715512893817,
      -0.7141084896240176
    ],
    [
      0.12338805287342992,
      0.3795867871855131,
      1.487645942054666,
      0.06853727158175078,
      -0.5339071455370037,
      -0.7105571051744182
    ],
    [
      0.12184021004127017,
      0.3906099899332793,
      1.4879585110531282,
      0.07703746434476494,
      -0.5442433043616227,
      -0.7068040474019075
    ],
    [
      0.1200085749172986,
      0.40136399437905534,
      1.4880667048993095,
      0.08637186072153676,
      -0.5544021152563264,
      -0.7028645582190092
    ],
    [
      0.1178497691902665,
      0.4114866524786866,
      1.4880228845265977,
      0.09656259606756608,
      -0.5642503519362937,
      -0.698711599745785
    ],
    [
      0.11538117948027363,
      0.42060881412284384,
      1.4878023141853804,
      0.10769374890114786,
      -0.5736400159167249,
      -0.6942946880940696
    ],
    [
      0.11271745990012373,
      0.4285380087174679,
      1.4874396083426644,
      0.11978371690660988,
      -0.5822992797509541,
      -0.6894794043767355
    ],
    [
      0.10997794261945315,
      0.4351832596379075,
      1.4869946146144335,
      0.13284619133723397,
      -0.5899819821872526,
      -0.6842181302966993
    ],
    [
      0.10738288600128951,
      0.4403348906400557,
      1.4865432691366878,
      0.14694341265843142,
      -0.596470095506048,
      -0.6785579375772252
    ],
    [
      0.10527448628088268,
      0.4437122853284414,
      1.4862465824132025,
      0.1621140891832013,
      -0.6015424279704623,
      -0.672537308876991
    ],
    [
      0.10407571099646831,
      0.4451276382126393,
      1.48639346018927,
      0.17821501817939975,
      -0.6050266591305499,
      -0.6662247889708008
    ],
    [
      0.10425950819925102,
      0.444314070259506,
      1.487111907853744,
      0.1951697836484651,
      -0.6066113219366268,
      -0.6594563792207969
    ]
  ],