{
  "n_seg": 10,
  "n_drag": 15,
  "n_lift": 15,
  "n_total": 47,
  "n_vars": 252,
  "eps_tilt_deg": 3.5521482298287728,
  "baseline": {
    "tip_seg0": 0.0012850040204094733,
    "tip_seg1": 0.0028766097157212865,
    "tip_drag": 0.003069983835347479,
    "tip_lift": 0.0024841107810909596,
    "acc": 0.0015548552350216664,
    "head": 0.0,
    "sing": 0.0,
    "min_head": 0.05029235484861412,
    "min_sigma": 0.03416009924629832,
    "total": 0.05636136540321919,
    "junction": {
      "engage": 0.0019399878092589194,
      "dstart": 0.0004927400003494127,
      "dend": 0.0011632557244546443
    }
  },
  "optimized": {
    "tip_seg0": 0.0013162769328060194,
    "tip_seg1": 0.002095207885211353,
    "tip_drag": 0.0018137514388781753,
    "tip_lift": 0.001982345805687636,
    "acc": 0.00021103580476276575,
    "head": 0.0,
    "sing": 0.0,
    "min_head": 0.05029235484861412,
    "min_sigma": 0.03416009924629832,
    "total": 0.013538656205466158,
    "junction": {
      "engage": 0.0029904876394554673,
      "dstart": 0.003680855641424933,
      "dend": 0.004004853526910283
    }
  },
  "tilt": {
    "max_tilt_deg": 18.225839587139433,
    "mean_tilt_deg": 10.200593995483796,
    "final_tilt_deg": 3.5521482298287728,
    "n_violated": 0,
    "n_checked": 14,
    "eps_tilt_final_deg": 3.5521482298287728,
    "constraint_satisfied": true
  },
  "optimizer": {
    "success": true,
    "message": "Optimization terminated successfully",
    "nit": 150,
    "nfev": 38327
  },
  "q_full_opt": [
    [
      0.11523969089724008,
      0.2272604671637361,
      1.5173149709367915,
      0.09074341509150538,
      -0.5371326941724981,
      -0.6409237934117058
    ],
    [
      0.11659808794088858,
      0.24111034119988484,
      1.5123796960452776,
      0.08228198270237969,
      -0.5298028791450456,
      -0.6534045918584631
    ],
    [
      0.11821392465561532,
      0.2549540021708594,
      1.5077758459145632,
      0.07392041817287211,
      -0.5226518072555071,
      -0.6657536726706481
    ],
    [
      0.12016859480711212,
      0.26869043868463505,
      1.5037176661051213,
      0.06582276437825438,
      -0.5157454372120125,
      -0.67768544961578
    ],
    [
      0.1224957438920952,
      0.28210405457143384,
      1.5002262008560674,
      0.05806236394082478,
      -0.5093042712711559,
      -0.6890396875254309
    ],
    [
      0.12511639847237552,
      0.29486557345290704,
      1.4972866802832212,
      0.05074291887279423,
      -0.503382289566771,
      -0.6995739697248645
    ],
    [
      0.12785175359725043,
      0.3066626676134151,
      1.4948221755164575,
      0.04400628331090424,
      -0.4981365832273234,
      -0.7090952274910964
    ],
    [
      0.13058499489956452,
      0.31714521315585675,
      1.4927789782061118,
      0.037976865403290316,
      -0.4935692223874648,
      -0.7173845233335474
    ],
    [
      0.13293683816378454,
      0.3260954079337615,
      1.4912518697037878,
      0.032748380515050565,
      -0.4897358388054806,
      -0.7242425011359995
    ],
    [
      0.13462657249522678,
      0.3333093975523769,
      1.4901783644660485,
      0.028383282381557906,
      -0.4866603372884322,
      -0.7295087446894057
    ],
    [
      0.1352490352124043,
      0.3387038700505336,
      1.4898184084756851,
      0.024875983119148164,
      -0.4842843953517178,
      -0.733113979503106
    ],
    [
      0.13510627038192569,
      0.34232458952625205,
      1.4898255149885982,
      0.022406081484894768,
      -0.4827495224601239,
      -0.7351719132667842
    ],
    [
      0.13448403586670252,
      0.34428223945240927,
      1.4897955067651936,
      0.02115104921770762,
      -0.48207633319505305,
      -0.7357596657347786
    ],
    [
      0.1335309694689934,
      0.3448238371894929,
      1.4895502767518194,
      0.021191028092959713,
      -0.4823370888278311,
      -0.735150769308893
    ],
    [
      0.13238644008718603,
      0.3442818169256124,
      1.4889912597793133,
      0.022568608933109753,
      -0.4835669987179312,
      -0.7336003170077096
    ],
    [
      0.13117892520129498,
      0.3432272004207643,
      1.4880737190485152,
      0.02531007062954544,
      -0.48574578338619,
      -0.7313885064500363
    ],
    [
      0.1299762696746145,
      0.34240327660502445,
      1.4869532680606259,
      0.029387207757309446,
      -0.4887853238245894,
      -0.7288539354410382
    ],
    [
      0.12890949519641284,
      0.3426594948074018,
      1.4858824678541676,
      0.03470243248553477,
      -0.4926678717102575,
      -0.7262763066161325
    ],
    [
      0.12804621526428425,
      0.3450314012071918,
      1.4853084398224738,
      0.04110443131028964,
      -0.4973433294048419,
      -0.7240118062969735
    ],
    [
      0.1274690264903647,
      0.35070122842420026,
      1.4856819629500366,
      0.04835273115767794,
      -0.5026886877708119,
      -0.7224737513341348
    ],
    [
      0.12708178675373055,
      0.3586834843439602,
      1.4865371375045817,
      0.05652945518585025,
      -0.5088336073077077,
      -0.7213151054662919
    ],
    [
      0.12667682313759127,
      0.36817200243786896,
      1.4875500680511116,
      0.06566914872154071,
      -0.5155904182519313,
      -0.7202781086427991
    ],
    [
      0.12616436849039073,
      0.3785791585601646,
      1.4884843819138238,
      0.07581422040092893,
      -0.5229761682522326,
      -0.7190333805944507
    ],
    [
      0.12539714759665835,
      0.38937948911860615,
      1.4893121492056396,
      0.08678970585543597,
      -0.5308535547340096,
      -0.7173451011960943
    ],
    [
      0.12429759807178495,
      0.40014386182182404,
      1.4899230701973267,
      0.098493550860226,
      -0.5390908518213624,
      -0.7150277344090716
    ],
    [
      0.12282126673726798,
      0.4104692320290361,
      1.490262286458715,
      0.11078233911613104,
      -0.5476171071895556,
      -0.7120321093534597
    ],
    [
      0.12083108856323055,
      0.4200513049554427,
      1.4903346740702865,
      0.12335991353828382,
      -0.5562516372871963,
      -0.7082020475045978
    ],
    [
      0.11839552692719757,
      0.42853540171901516,
      1.4900752852996557,
      0.13603900852828074,
      -0.564927336101536,
      -0.7034628629708078
    ],
    [
      0.11554910919468618,
      0.4356311982232394,
      1.4895585758017196,
      0.14863731429921673,
      -0.5734966686338259,
      -0.6976807611317039
    ],
    [
      0.11238907423710769,
      0.4410283441051264,
      1.4888661552089744,
      0.16094766194712654,
      -0.5819469395896261,
      -0.6906572382931572
    ],
    [
      0.10918847323648333,
      0.4444495313532386,
      1.4881054467464248,
      0.17289130339480352,
      -0.5902366064644349,
      -0.6821237495172698
    ],
    [
      0.10629240465705835,
      0.4456391722585681,
      1.4874379263455841,
      0.1843294898758844,
      -0.5984115450580272,
      -0.671826161866692
    ],
    [
      0.10425950819925102,
      0.444314070259506,
      1.487111907853744,
      0.1951697836484651,
      -0.6066113219366268,
      -0.6594563792207969
    ],
    [
      0.10371136700959051,
      0.44031904706845626,
      1.487421856225082,
      0.20522462483136292,
      -0.6149967218527769,
      -0.6447096176392523
    ],
    [
      0.10407309981011181,
      0.4338997022262793,
      1.4881665650984968,
      0.21431095217869126,
      -0.6231905120329565,
      -0.628064085255573
    ],
    [
      0.10479342424458336,
      0.4253138344190457,
      1.4891733790128696,
      0.22238895914260712,
      -0.6309641548717488,
      -0.6099717494524391
    ],
    [
      0.10550556595843066,
      0.4149573194594847,
      1.4903527051865604,
      0.22937805140344794,
      -0.6381551780618224,
      -0.5907285109558118
    ],
    [
      0.10598726950355956,
      0.4031645233839372,
      1.4916773811412483,
      0.2353501741298592,
