{
  "primitive_id": "R05_00099",
  "n_drag": 15,
  "n_lift": 15,
  "n_ref": [
    0.0,
    0.0,
    1.0
  ],
  "eps_tilt_deg": 3.5521482298287728,
  "drag": {
    "baseline": {
      "total": 0.003100290148038957,
      "tip": 0.003069983835347479,
      "acc": 0.0003030631269147756,
      "head": 0.0,
      "sing": 0.0,
      "min_head": 0.05029235484861412,
      "min_sigma": 0.03416009924629832
    },
    "optimized": {
      "total": 0.0007267420214230707,
      "tip": 0.0006341658368058258,
      "acc": 0.0009257618461724487,
      "head": 0.0,
      "sing": 0.0,
      "min_head": 0.05029235484861412,
      "min_sigma": 0.033452024613272936
    },
    "success": true
  },
  "lift": {
    "baseline_violation": {
      "max_tilt_deg": 19.49068201483659,
      "mean_tilt_deg": 11.001679807797242,
      "final_tilt_deg": 3.5521482298287728,
      "n_violated": 7,
      "n_checked": 14,
      "eps_tilt_final_deg": 3.5521482298287728,
      "constraint_satisfied": false
    },
    "optimized_violation": {
      "max_tilt_deg": 18.022063502115127,
      "mean_tilt_deg": 9.82264090579654,
      "final_tilt_deg": 3.5521482298287728,
      "n_violated": 0,
      "n_checked": 14,
      "eps_tilt_final_deg": 3.5521482298287728,
      "constraint_satisfied": true
    },
    "success": true
  },
  "q_drag_opt": [
    [
      0.12804621526428425,
      0.3450314012071918,
      1.4853084398224738,
      0.04110443131028964,
      -0.4973433294048419,
      -0.7240118062969735
    ],
    [
      0.1301923276417046,
      0.373570724447891,
      1.4873291591618663,
      0.0433316327921134,
      -0.48820050983039226,
      -0.728595246484849
    ],
    [
      0.1345653759935303,
      0.38972287019144985,
      1.4851199059261722,
      0.049406197887789605,
      -0.4851190781031849,
      -0.7289733440613277
    ],
    [
      0.13657047127911923,
      0.3974981398284131,
      1.482612155609241,
      0.058220858627638254,
      -0.48820538677216035,
      -0.7261510415355844
    ],
    [
      0.13752501569369296,
      0.4024990089568154,
      1.482868602152808,
      0.06956033529550616,
      -0.49726755851269855,
      -0.7207646760028419
    ],
    [
      0.13637331896255586,
      0.4073502198553243,
      1.4848357963390433,
      0.08340940897472288,
      -0.5102737186256382,
      -0.7137064397331124
    ],
    [
      0.13388350214162242,
      0.4135839493303141,
      1.4873609527972014,
      0.09964385099922936,
      -0.5254821978126928,
      -0.7055644011679901
    ],
    [
      0.13092631353912906,
      0.42120181030906134,
      1.4894392874182287,
      0.11738317445239531,
      -0.5412945124932653,
      -0.6969906908511837
    ],
    [
      0.12902608214935127,
      0.4297131446813104,
      1.4910821581359917,
      0.13527283438549687,
      -0.5566857176193936,
      -0.6885303865182352
    ],
    [
      0.1277117969651444,
      0.4384032443531917,
      1.4928909326241386,
      0.15145203409214525,
      -0.5705779410504773,
      -0.680977891764856
    ],
    [
      0.12851819068110296,
      0.445246274639478,
      1.4944423174698718,
      0.16530641216430114,
      -0.5829810781026039,
      -0.6742166857358763
    ],
    [
      0.13010291942942526,
      0.45098634783037417,
      1.4968487496772693,
      0.17574941256574436,
      -0.5933059056300611,
      -0.6688837035990045
    ],
    [
      0.1297850207453769,
      0.45415649702605143,
      1.4986321000077578,
      0.1832831491717996,
      -0.6012143090807084,
      -0.6648334595647873
    ],
    [
      0.12330334210880142,
      0.4525607975706547,
      1.4963753762385144,
      0.18928645959879023,
      -0.6059281635542324,
      -0.6617654796964059
    ],
    [
      0.10425950819925102,
      0.444314070259506,
      1.487111907853744,
      0.1951697836484651,
      -0.6066113219366268,
      -0.6594563792207969
    ]
  ],
  "q_lift_opt": [
    [
      0.10425950819925102,
      0.444314070259506,
      1.487111907853744,
      0.1951697836484651,
      -0.6066113219366268,
      -0.6594563792207969
    ],
    [
      0.11303238325009199,
      0.4355167573056776,
      1.498263024278151,
      0.19994885163855966,
      -0.6185800726181532,
      -0.635937831450608
    ],
    [
      0.11820882455500122,
      0.4247822120092512,
      1.506768932350626,
      0.20498703431136173,
      -0.6291384788309139,
      -0.6126096132959048
    ],
    [
      0.11972816015136778,
      0.4120021278756304,
      1.51233546578,
      0.21041956039661397,
      -0.638388233313758,
      -0.5895382047258091
    ],
    [
      0.11862371715689399,
      0.3978042670439424,
      1.5152112404147309,
      0.21601364162694406,
      -0.6460234448722892,
      -0.5669658097593134
    ],
    [
      0.11591950928431412,
      0.38301345847420054,
      1.516249176007914,
      0.2215439687017399,
      -0.6523176074976837,
      -0.5450609452504874
    ],
    [
      0.11319699823363093,
      0.3681172965598985,
      1.5160683125980856,
      0.22688067738590265,
      -0.6578006935893224,
      -0.5239531632122616
    ],
    [
      0.11064826032157127,
      0.3534905117180151,
      1.5150474995307543,
      0.23154430110304974,
      -0.6620686070849119,
      -0.5038500778673913
    ],
    [
      0.10836091353165739,
      0.33883230902439443,
      1.513270402662774,
      0.23568002813097402,
      -0.6657559871245599,
      -0.48455571198521774
    ],
    [
      0.10632644263859976,
      0.3243875643404465,
      1.5110692606038492,
      0.23903560217717562,
      -0.6684544527452109,
      -0.4659291492007649
    ],
    [
      0.10415456427706093,
      0.31067287023116164,
      1.5089507198963894,
      0.2419562072362562,
      -0.670536273503932,
      -0.44766878168389546
    ],
    [
      0.10178751416014255,
      0.29858150628406,
      1.507752638324602,
      0.2442207409463134,
      -0.6719248841001622,
      -0.42993469981929516
    ],
    [
      0.09905005609785111,
      0.2894972481381011,
      1.5085348046703464,
      0.24531031283029417,
      -0.6723211032752412,
      -0.41310140203192824
    ],
    [
      0.09526235834321332,
      0.2843838647666207,
      1.5120800093359477,
      0.2447706540265682,
      -0.6717391016252777,
      -0.39769501488444614
    ],
    [
      0.09055821362844023,
      0.28312262717765513,
      1.5183952967450247,
      0.24267410450526095,
      -0.6701464173015004,
      -0.38354626306980544
    ]
  ]
}