{
  "primitive_id": "R05_00099",
  "initial_terms": {
    "total": 0.004267853119282878,
    "tip": 0.004257267721766081,
    "acc": 0.00010585397516796438,
    "head": 0.0,
    "sing": 0.0,
    "min_head": 0.05029235484861412,
    "min_sigma": 0.03416009924629832
  },
  "best_terms": {
    "total": 0.004267853119282878,
    "tip": 0.004257267721766081,
    "acc": 0.00010585397516796438,
    "head": 0.0,
    "sing": 0.0,
    "min_head": 0.05029235484861412,
    "min_sigma": 0.03416009924629832
  },
  "q_path": [
    [
      0.12804621526428425,
      0.3450314012071918,
      1.4853084398224738,
      0.04110443131028964,
      -0.4973433294048419,
      -0.7240118062969735
    ],
    [
      0.12801866728416456,
      0.345146382948288,
      1.4853105284638874,
      0.041282858246466284,
      -0.49746987539869275,
      -0.7239370430429909
    ],
    [
      0.12784260105180756,
      0.3458812608542796,
      1.4853238775088216,
      0.04242323072630442,
      -0.4982786634209139,
      -0.7234592118412014
    ],
    [
      0.12741320638920797,
      0.34767349918567836,
      1.4853564334882887,
      0.04520439920854412,
      -0.5002511555635987,
      -0.7222938653410507
    ],
    [
      0.12666848919107754,
      0.3507818533987018,
      1.485412896690845,
      0.05002789651771676,
      -0.5036721315322829,
      -0.7202727559607214
    ],
    [
      0.12558391941575542,
      0.3553087087458103,
      1.4854951269428982,
      0.05705260254842108,
      -0.508654273944265,
      -0.7173293109160411
    ],
    [
      0.12416707907611865,
      0.3612224188762432,
      1.4856025493890135,
      0.06622940896959928,
      -0.5151627536269254,
      -0.7134841072493907
    ],
    [
      0.12245231023049231,
      0.36837964443655635,
      1.4857325602722202,
      0.07733588392881315,
      -0.5230398149160465,
      -0.708830346858611
    ],
    [
      0.1204953629735601,
      0.3765476916711584,
      1.4858809327143203,
      0.09001093675652007,
      -0.5320293609541318,
      -0.7035193315259121
    ],
    [
      0.1183680434272746,
      0.3854268510228477,
      1.4860422224961944,
      0.10378948267034917,
      -0.5418015389887259,
      -0.6977459379467799
    ],
    [
      0.11615286173176764,
      0.3946727357333489,
      1.486210173838109,
      0.11813710747937736,
      -0.5519773256707343,
      -0.6917340927588852
    ],
    [
      0.11393768003626066,
      0.4039186204438501,
      1.4863781251800234,
      0.13248473228840563,
      -0.5621531123527428,
      -0.6857222475709905
    ],
    [
      0.11181036048997517,
      0.4127977797955393,
      1.4865394149618978,
      0.14626327820223461,
      -0.571925290387337,
      -0.6799488539918584
    ],
    [
      0.10985341323304298,
      0.42096582703014135,
      1.4866877874039977,
      0.15893833102994145,
      -0.5809148364254222,
      -0.6746378386591595
    ],
    [
      0.10813864438741663,
      0.4281230525904545,
      1.4868177982872044,
      0.1700448059891554,
      -0.5887918977145433,
      -0.6699840782683798
    ],
    [
      0.10672180404777984,
      0.43403676272088754,
      1.4869252207333197,
      0.17922161241033366,
      -0.5953003773972038,
      -0.6661388746017293
    ],
    [
      0.10563723427245773,
      0.43856361806799604,
      1.4870074509853728,
      0.1862463184410381,
      -0.6002825198091859,
      -0.663195429557049
    ],
    [
      0.10489251707432728,
      0.4416719722810195,
      1.4870639141879294,
      0.1910698157502107,
      -0.6037034957778701,
      -0.6611743201767197
    ],
    [
      0.10446312241172766,
      0.44346421061241836,
      1.4870964701673963,
      0.19385098423245056,
      -0.6056759879205549,
      -0.6600089736765689
    ],
    [
      0.10428705617937076,
      0.44419908851840956,
      1.4871098192123302,
      0.19499135671228818,
      -0.6064847759427757,
      -0.6595311424747796
    ],
    [
      0.10425950819925102,
      0.444314070259506,
      1.487111907853744,
      0.1951697836484651,
      -0.6066113219366268,
      -0.6594563792207969
    ]
  ]
}