{
  "n_drag": 15,
  "n_lift": 15,
  "n_vars": 156,
  "baseline": {
    "total": 0.024853814020876677,
    "tip_drag": 0.003069983835347479,
    "tip_lift": 0.0024841107810909596,
    "acc": 0.0009649859702219119,
    "head": 0.0,
    "sing": 0.0,
    "min_head": 0.05029235484861412,
    "min_sigma": 0.03416009924629832,
    "junction_ddq": 0.0011632557244546443
  },
  "optimized": {
    "total": 0.005350134447288366,
    "tip_drag": 0.0014044323844609856,
    "tip_lift": 0.0018215298219406992,
    "acc": 0.0001062086120443341,
    "head": 0.0,
    "sing": 0.0,
    "min_head": 0.05029235484861412,
    "min_sigma": 0.03416009924629832,
    "junction_ddq": 0.003791990447054459
  },
  "tilt": {
    "max_tilt_deg": 18.202588154362648,
    "mean_tilt_deg": 10.119333137962164,
    "final_tilt_deg": 3.5521482298287728,
    "n_violated": 0,
    "n_checked": 14,
    "eps_tilt_final_deg": 3.5521482298287728,
    "constraint_satisfied": true
  },
  "optimizer": {
    "success": true,
    "message": "Optimization terminated successfully",
    "nit": 93,
    "nfev": 14804
  },
  "q_full_opt": [
    [
      0.12804621526428425,
      0.3450314012071918,
      1.4853084398224738,
      0.04110443131028964,
      -0.4973433294048419,
      -0.7240118062969735
    ],
    [
      0.12786333843232398,
      0.35908494815511427,
      1.4864398068959042,
      0.05199591791698185,
      -0.5053281230721979,
      -0.7246336565255161
    ],
    [
      0.12774645318645358,
      0.37256768814660146,
      1.4872984789711312,
      0.06291811597347685,
      -0.5133158290683845,
      -0.7250699429411279
    ],
    [
      0.1275981933071737,
      0.3852369018662575,
      1.487742102274064,
      0.07394533205014188,
      -0.5213303579967874,
      -0.7251003207548595
    ],
    [
      0.1272040678246582,
      0.3968441623201927,
      1.4877674028421406,
      0.0851790648262826,
      -0.5293940343683358,
      -0.7246641291053848
    ],
    [
      0.12653199699238613,
      0.40744296262792257,
      1.4874264822557581,
      0.09660028969868556,
      -0.5374776986506928,
      -0.7235708636569792
    ],
    [
      0.12553127440224598,
      0.4169484808835262,
      1.4868538345080209,
      0.10810996494813446,
      -0.5454963866191794,
      -0.7216677626045527
    ],
    [
      0.12413278863283593,
      0.4253890824103017,
      1.486207128026181,
      0.11969398465751849,
      -0.5534389154833027,
      -0.7188715731865313
    ],
    [
      0.12222867049122685,
      0.43275754937321187,
      1.4856457417128295,
      0.13121030991893937,
      -0.5612058388025469,
      -0.7149492300897896
    ],
    [
      0.11969821983152905,
      0.43876819230608294,
      1.4853651365063258,
      0.14257471840079014,
      -0.5687744318597423,
      -0.7097204724222566
    ],
    [
      0.11669881251024633,
      0.4434650737343625,
      1.4853143831798283,
      0.1537135021549625,
      -0.5762033340404124,
      -0.7030500836683772
    ],
    [
      0.11337289449778729,
      0.4466216658417344,
      1.485503487815081,
      0.1645960978177365,
      -0.5835704762269986,
      -0.6948001160788477
    ],
    [
      0.10978502883742315,
      0.44794960122903366,
      1.4858594607549376,
      0.17516330988854356,
      -0.5910649471986348,
      -0.6849001237683071
    ],
    [
      0.1065444999172147,
      0.44729340543950924,
      1.4863493659937577,
      0.1853276846903281,
      -0.5986987888787643,
      -0.6731957790430612
    ],
    [
      0.10425950819925102,
      0.444314070259506,
      1.487111907853744,
      0.1951697836484651,
      -0.6066113219366268,
      -0.6594563792207969
    ],
    [
      0.10396120260472257,
      0.4390388566938409,
      1.4882840749061772,
      0.20468397292484838,
      -0.6149605051219452,
      -0.6435501311472075
    ],
    [
      0.104699678994675,
      0.43157754049476005,
      1.4896368905192336,
      0.21345846711232871,
      -0.6233003025018493,
      -0.626082531930578
    ],
    [
      0.1057112774981861,
      0.42236876820542196,
      1.491028540998037,
      0.22149226282454954,
      -0.6312744162507856,
      -0.6074045118390213
    ],
    [
      0.10671324232543944,
      0.4115738176205301,
      1.4924843429481074,
      0.2286412275512364,
      -0.6385967411278096,
      -0.5877571020770566
    ],
    [
      0.1074897071251155,
      0.3995877498886723,
      1.4939633235853982,
      0.23480073884653224,
      -0.6451488425897974,
      -0.567406363772539
    ],
    [
      0.10773731907224847,
      0.38669589717011577,
      1.4955121320009594,
      0.23990156168155763,
      -0.650913506529851,
      -0.54660580453174
    ],
    [
      0.10740826047828424,
      0.3731514527010112,
      1.497237336433133,
      0.24387606527277025,
      -0.6558467427936469,
      -0.5255573470060769
    ],
    [
      0.10643797000021697,
      0.35941139468565336,
      1.4990925974386444,
      0.24672528407426106,
      -0.6600037529952669,
      -0.5044379995244141
    ],
    [
      0.10484139018241592,
      0.3456394033487409,
      1.5012282238545187,
      0.24850233725539703,
      -0.6633803803957106,
      -0.4834968888654181
    ],
    [
      0.10277062134650634,
      0.33216675155341113,
      1.5036502562319962,
      0.24917737116384264,
      -0.6660158286839655,
      -0.46281162225551087
    ],
    [
      0.10021132897379738,
      0.31912786519220426,
      1.5065133333735423,
      0.24880808844053556,
      -0.66789622714328,
      -0.4424991628356453
    ],
    [
      0.09721291750865385,
      0.3065530411572255,
      1.509983280291417,
      0.24748526486167297,
      -0.6690937441125324,
      -0.4226025152049887
    ],
    [
      0.0939890787687762,
      0.2946165200712335,
      1.513946508488025,
      0.24531836679717495,
      -0.6697453750709104,
      -0.40296964201514696
    ],
    [
      0.09055821362844023,
      0.28312262717765513,
      1.5183952967450247,
      0.24267410450526095,
      -0.6701464173015004,
      -0.38354626306980544
    ]
  ]
}