{
  "config": {
    "mouth_y_range": [
      0.1,
      0.25
    ],
    "mouth_candidate_z_range": [
      0.3,
      0.6
    ],
    "mouth_forward_world": [
      -1.0,
      0.0,
      0.0
    ]
  },
  "connector": {
    "connector_id": "mouth_connector_v10",
    "mouth_pos": [
      0.0,
      0.175,
      0.39999999999999997
    ],
    "pre_pos": [
      0.04999999999995,
      0.175,
      0.39999999999999997
    ],
    "retreat_pos": [
      0.04999999999995,
      0.175,
      0.39999999999999997
    ],
    "q_pre": [
      -0.3538207272439355,
      -0.3514226885413912,
      1.2388638152867186,
      -0.013175883668803961,
      -1.5546141166514156,
      0.683454494581944
    ],
    "q_delivery": [
      -0.19620130317343773,
      -0.6076805988531044,
      1.4408328240775423,
      -0.12074869661038945,
      -1.439019832406121,
      0.7456091809814539
    ],
    "q_retreat": [
      -0.3538207272439355,
      -0.3514226885413912,
      1.2388638152867186,
      -0.013175883668803961,
      -1.5546141166514156,
      0.683454494581944
    ],
    "pos_error": 2.3628449597616154e-06,
    "tilt_error": 1.2212380437166264e-05,
    "forward_error": 0.39925212366311613,
    "min_joint_margin_ratio": 0.11426333755354423,
    "attempts": 693
  }
}